collection	words	dominant_license	tier	note
EEBO_TCP_fill	719548033	public_domain	T1	
EEBOphase2	604953917	public_domain	T1	
OpenITI_Arabic	193859865	open	T2	OpenITI releases are CC-BY-NC-SA 4.0
NOSCEMUS	82381900	cc_by	T1	
BibIT	29844182	public_domain	T1	
LiberLiber	28388618	public_domain	T1	
DTA	27371321	public_domain	T1	
FreEM	25609193	public_domain	T1	
OSTA	21519708	CC-BY-NC-SA	T2	contains NC-licensed material
CorpusCorp	19091970	public_domain	T1	
CAMENA_NeoLatin_HistThes	16398550	public_domain	T1	
DBNL	15557890	public_domain	T1	
CAMENA	13558651	public_domain	T1	
LatinEEBO	13337677	public_domain	T1	
Sefaria	11648526	public_domain	T1	
DraCorEnglish	11235706	cc	T1	
Mazarinades	10122051	cc_by_4	T1	
LEME_English	9780803	public_domain	T1	
DTA_komplett	9259231	CC-BY-SA	T1	
TextGrid_German	8745487	public_domain	T1	
CERA	8593600	public_domain	T1	
CKCC_Epistolarium	7946427	cc_by	T1	
EvansTCP_American	7878692	public_domain	T1	
Sefaria_residual	7307003	public_domain	T1	
DraCorFrench	7204995	cc	T1	
Estilometria_SigloOro	7188629	cc_by	T1	
SPXVI_Polish16c	6962996	cc_by_nc	T2	contains NC-licensed material
PerseusEng_Renaissance	6762346	mixed	T3	dominant status 'mixed' needs review
OpenEDGeS_DutchBibles	6756875	cc_by_nc_sa	T2	contains NC-licensed material
HistCorp_Swedish	5641945	cc_by	T1	
GutenbergFR	5255115	public_domain	T1	
BullingerLetters	5030220	cc	T1	
Vokabular_Czech	4848608	public_domain	T1	
GanjoorPersian	4810638	open	T3	classical PD texts via Ganjoor platform; site terms unclear for bulk
EMLAP	4548087	cc_by	T1	
GutenbergES	4354542	public_domain	T1	
GutenbergESr	4279929	public_domain	T1	
Salamanca	4271105	CC-BY-4.0	T1	
MercureGalant	4216289	cc_by_nc_nd	T2	contains NC-licensed material
DBNL_pd	4058092	public_domain	T1	
DTAE_16c	4026005	cc_by_sa	T1	
EBBA_Ballads	3971912	public_domain	T1	
AbsentLangFill	3822838	public_domain	T3	dominant status 'public_domain' needs review
CroALa	3545403	CC-BY-4.0	T1	
Fran_Slovenian16c	3380332	public_domain	T1	
Epistemon	3061651	public_domain	T1	
HungarianCorpus	3023383	public_domain	T1	
Nakala	2904654	public_domain	T1	
RoyalSocPre1750	2795758	public_domain	T1	
VKS_OldLiteraryFinnish	2745991	public_domain	T1	
DraCorCalderon	2640246	public_domain	T1	
LatinWikisource	2637564	public_domain	T1	
WelshEEBO	2584044	public_domain	T1	
RIN_ConDE	2539837	cc_by	T1	
DocumentaCatholicaOmnia	2487100	public_domain	T1	
SENIE_Latvian	2476220	open_clarin	T3	CLARIN-LV licence — check PUB/ACA class
ReF_ENHG	2440564	cc_by	T1	
PCEEC2	2429178	public_domain	T1	
BibCerTxt	2373898	public_domain	T1	
WikisourceBibles_Renaissance	2300668	public_domain	T1	
DanishPostils	2289816	mit	T1	
DraCorDutch_GH	2259478	cc_by	T1	
DiBiLit_German	2135890	cc_by_sa	T1	
Newton_Project	2069555	public_domain	T1	
TMI_SMI_Italian	2029235	public_domain	T1	
CAMENA_CERA_Letters	2000949	public_domain	T1	
Hakluyt_English	1998956	public_domain	T1	
BVH_Epistemon_Print	1968888	public_domain	T1	
IMPACTes_OriginalImprint	1962810	cc_by	T1	
GutenbergPT	1935571	public_domain	T1	
CIDTC	1911266	open_academic	T1	IJP PAN open corpus, CC-BY
CELT	1831057	CC-BY-NC	T2	contains NC-licensed material
DBNL_expansion	1824522	public_domain	T1	
HumaNumGitLab	1816659	cc	T1	
TML	1789274	CC-BY-4.0	T1	
Hebrew_Wikisource	1738574	public_domain	T1	
Casebooks	1710446	cc_by_nc_sa	T2	contains NC-licensed material
ScottishEEBO	1499271	public_domain	T1	
ReNLowGerman	1475279	cc	T1	
Mambrino	1461652	cc	T1	
Colonia	1454490	public_domain	T1	
RhythmicCorpus_SGA	1454447	cc_by_4	T1	
Kronieken_Dutch	1431218	cc_by	T1	
WikisourceDE_Renaissance	1384301	public_domain	T1	
Bartoli_Correspondence	1371054	cc_by	T1	
InterregnumActs	1346924	public_domain	T1	
TITUS_Georgian	1302569	public_domain	T1	
PepysDiary	1277817	public_domain	T1	
GutenbergIT	1256844	public_domain	T1	
DraCorItalian	1222226	public_domain	T1	
DSL_Salmer	1194918	cc_by_sa	T1	
OBVIL_HaineTheatre	1162096	cc_by_nc_nd	T2	contains NC-licensed material
Suriano_Correspondence	1132668	cc_by	T1	
StatutesOfTheRealm	1112931	public_domain	T1	
Controversia_Confessio	1075246	public_domain	T1	
SSRQ_SwissLaw	1058858	cc_by_sa	T1	
Calvin_Institutio	1053747	public_domain	T1	
WikisourceFR_Renaissance	1047901	public_domain	T1	
ABU_French	999019	public_domain	T1	
Luther1545_LetzteHand	960211	public_domain	T1	
ADL_Danish	936123	public_domain	T1	
GAMS_BaselRecords	926956	cc_by	T1	
OldBaileyOnline	924767	cc_by_nc	T2	contains NC-licensed material
PostScriptum	899841	cc	T1	
EMOTHE	842260	public_domain	T1	
BasqueKG	818721	open_academic	T3	academic corpus, check terms
DOST_OlderScots	788698	open	T3	dominant status 'open' needs review
Lampeter_English	723592	public_domain	T1	
Campanella_ATC	703209	public_domain	T1	
CET_Teatro16c_Portuguese	676876	cc_by_nc	T2	contains NC-licensed material
LatinLibrary	673616	public_domain	T1	
VAKK_Estonian	646452	public_domain	T1	
TychoBrahe_Portuguese	616264	public_domain	T1	
Gallicorpora_French_HTR	601671	public_domain	T1	
Czech_Kralice1613	597503	cc0	T1	
WolneLektury	583360	public_domain	T1	
EmblemProjectUtrecht	552927	public_domain	T1	
GlasgowEmblems	549460	public_domain	T1	
DIGILIB_Armenian	532046	public_domain	T1	
SERMO	521919	public_domain	T1	
WikisourceCA	513270	public_domain	T1	
SonetosSiglodeOro	466011	public_domain	T1	
GutenbergNL	429828	public_domain	T1	
Diakorp_Czech	425831	cc_by_nc_sa	T2	contains NC-licensed material
BrievenAlsBuit	421272	public_domain	T1	
DraCorGerman	400119	public_domain	T1	
REED_English	355821	public_domain	T1	
FrenchEEBO	355724	public_domain	T1	
OpenEDGeS_GermanBibles	348517	cc_by_nc_sa	T2	contains NC-licensed material
Izbornyk_Ukrainian	345998	public_domain	T1	
TMK	341772	public_domain	T1	
KorbaText	327583	public_domain	T1	
MEK_Hungarian	323895	public_domain	T1	
roWikisource_Romanian	291341	public_domain	T1	
FlorentineCodex_Nahuatl	290869	public_domain	T1	
IcePaHC_Icelandic	283630	open	T3	dominant status 'open' needs review
WelshHCWL	276280	open_academic	T3	dominant status 'open_academic' needs review
Bokselskap_Norwegian	264577	public_domain	T1	
PolemicaGongorina_OBVIL	263434	cc_by_nc_nd	T2	contains NC-licensed material
DSL_HenrikSmith	256557	cc_by_sa	T1	
DissEd_PhDeditions	254491	public_domain	T1	
EMROC_Recipes	248907	public_domain	T1	
GutenbergDEr	248430	public_domain	T1	
WikisourceES_Renaissance	244496	public_domain	T1	
TITUS_Albanian	243167	public_domain	T1	
GutenbergFI	240410	public_domain	T1	
GerManC	230403	cc_by_nc_sa	T2	contains NC-licensed material
DIACU_Bulgarian	221171	open	T3	dominant status 'open' needs review
RIALC_Catalan	220010	cc_by_nc	T2	contains NC-licensed material
GutenbergLA	214711	public_domain	T1	
ODE_CorderegraSpanish	203336	cc_by_nc	T2	contains NC-licensed material
GutenbergDE	200460	public_domain	T1	
BibAugustana	195974	public_domain	T1	
WikisourceHR_Renaissance	193285	public_domain	T1	
ELAN_crenum	192178	cc_by	T1	
TITUS_OldLithuanian	192133	public_domain	T1	
roPsalt_Romanian	188849	public_domain	T1	
Mercurius_Baumbank	187423	cc_by	T1	
DiBiPhil_Renaissance	175616	cc_by_sa	T1	
WikisourceIT_Renaissance	169145	public_domain	T1	
SpanishGitHubGoldenAge	165232	public_domain	T1	
FabulasMitologicas	164959	cc_by	T1	
Kirishitan_Japanese	154229	public_domain	T1	
Norman_MuseNormande	153528	public_domain	T1	
EarlyModernGreek_CLARINEL	152215	cc_by_nc_nd	T2	contains NC-licensed material
CORPUS17_French	149810	cc_by_sa	T1	
DRC_Romansh	143335	cc_by_nc	T2	contains NC-licensed material
ArmenianWS	142243	CC-BY-SA	T1	
WolfenbuettelPostil_Lithuanian	131626	unknown	T3	dominant status 'unknown' needs review
Edition640	122621	public_domain	T1	
Azerbaijani_WS	122211	public_domain	T1	
ABaCus_Baroque	119281	open	T3	dominant status 'open' needs review
DraCorNeoLat	116843	public_domain	T1	
Litteraturbanken_Swedish	114226	public_domain	T1	
GeMi_Midwifery	105188	cc_by_nc_sa	T2	contains NC-licensed material
AmadisCorpus_GH	97420	cc	T1	
Galileo_Opere_Favaro	97354	public_domain	T1	
WikisourceEL_Renaissance	96955	public_domain	T1	
Russian_RNC	96174	cc_by_sa	T1	
Fornsvenska_Swedish	95194	public_domain	T1	
MEK_Hungarian_residual	94188	public_domain	T1	
KorBa_Polish	90943	cc_by	T1	
Russian_Ulozhenie1649	89869	public_domain	T1	
Hexenverhoer_SiGS	85441	cc_by	T1	
Coqalane	83657	cc	T1	
Wikisource_cs_nearzero	82029	public_domain	T1	
Wikisource	79008	public_domain	T1	
ELAN_fnvr	78532	cc_by	T1	
WikisourcePL_Renaissance	78427	public_domain	T1	
ELAN_polygrenaille	77536	cc_by	T1	
DISCO_SpanishSonnets	76564	cc_by	T1	
DigitalDonne_Manuscripts	74553	public_domain	T1	
Bertonio_Aymara	74082	public_domain	T1	
OBVIL_French	73996	cc_by_nc_nd	T2	contains NC-licensed material
Ticha_Zapotec	73928	public_domain	T1	
EthicaComplementoria	73680	cc_by	T1	
FAMSI_Bolles_YucatecMaya	73544	public_domain	T1	
Czech_tei2019	69891	cc_by_nc_sa	T2	contains NC-licensed material
SMI_ItalianMusic	62023	public_domain	T1	
ZlatyFond_Slovak	61219	public_domain	T1	
GongoraObra_OBVIL	59121	cc_by_nc_nd	T2	contains NC-licensed material
WikisourceHU_Renaissance	56611	public_domain	T1	
Vietnamese_deRhodes	53364	public_domain	T1	
BDPN_Novohispano	53333	cc0	T1	
BetaMasaheft_Geez	51400	public_domain	T1	
Porzio_CongiuraBaroni	49439	cc_by	T1	
TBSO_GH	47933	cc_by	T1	
WikisourceBibles_Italian	46786	public_domain	T1	
PPCHY_Yiddish	46634	public_domain	T1	
SpanishGoldenAgeProse_WS	46483	public_domain	T1	
Translatoscope_NeoLat	46329	cc_by	T1	
Cavriana_Correspondence	45188	cc_by	T1	
BalkanSlavic_Damaskini	44047	cc_by_sa	T1	
MuyscCubun_Muisca	42662	public_domain	T1	
Montoya_Guarani	41109	public_domain	T1	
EMMO_Folger	40606	cc_by_sa	T1	
Cornish_Tregear	38078	public_domain	T1	
GitHubTEI	36856	cc	T1	
Nahuatl_depth	36506	public_domain	T1	
VespasianoLetters	33623	open	T3	dominant status 'open' needs review
ItalianEEBO	32339	public_domain	T1	
WikisourcePT_Renaissance	31385	public_domain	T1	
CoDiAJe_JudeoSpanish	30953	public_domain	T1	
GutorGlyn_Welsh	30864	public_domain	T1	
TheatreClassique	29912	cc_by_nc_nd	T2	contains NC-licensed material
FallOfConstantinople_Arranz	29847	cc_by_nc_sa	T2	contains NC-licensed material
WikisourceES	29015	public_domain	T1	
WiN_LowGermanIncunabula	27584	cc_by	T1	
IMP_Slovene	27084	public_domain_CC-BY-SA	T1	
CHM_Mapudungun	25494	public_domain	T1	
Fuerstinnenkorrespondenz	23824	cc_by	T1	
Passiusalmar_Icelandic	23536	public_domain	T1	
MGTSZ_AporCodex	23332	public_domain	T1	
Occitan_1000ans	22599	public_domain	T1	
DraCor_hun	22016	cc0	T1	
WikisourceIT	21898	public_domain	T1	
GutenbergCA	21893	public_domain	T1	
QHOD	21296	cc_by_4	T1	
FabulasMito_GH	17984	cc_by	T1	
Wikisource_sv_nearzero	17929	public_domain	T1	
WikisourceNL_Renaissance	17011	public_domain	T1	
Wikisource_da_nearzero	16303	public_domain	T1	
SloveneIMP	14669	cc	T1	
Gilberti_Purepecha	14264	public_domain	T1	
DutchEEBO	14194	public_domain	T1	
WikisourceCS_Renaissance	13094	public_domain	T1	
Cornish_GwreansAnBys	12560	public_domain	T1	
BretonNonn_Wikimammenn	12521	public_domain	T1	
Huarochiri_Quechua_full	11586	public_domain	T1	
KorBa_Polish_full17c	11252	public_domain	T1	
Gondomar_Galician	11031	public_domain	T1	
FilologiaSarda_Sardinian	10596	public_domain	T1	
TITUS_OldPrussian	8606	public_domain	T1	
Thornton_Kikongo	7024	public_domain	T1	
DoctrinaLima1584_Quechua	6649	public_domain	T1	
Wikisource_ca_nearzero	6450	public_domain	T1	
Diacronia_Romanian	5774	public_domain	T1	
Wikisource_hr_nearzero	5562	public_domain	T1	
Otomi_mission	4365	public_domain	T1	
Wikisource_sl_nearzero	3946	public_domain	T1	
GutenbergPL	3870	public_domain	T1	
RUP_Folger	3428	public_domain	T1	
Tupi_Anchieta	2432	public_domain	T1	
GermanEEBO	2413	public_domain	T1	
Tagalog_Doctrina1593	2018	public_domain	T1	
Belarusian_Skaryna	1775	public_domain	T1	
GreekEEBO	1765	public_domain	T1	
CretanGreek_snhell	1736	public_domain	T1	
CretanGreek_Wikisource	1414	public_domain	T1	
WikisourceSL_Renaissance	844	public_domain	T1	
AmadisDeGaula	636	public_domain	T1	
SpanishEEBO	257	public_domain	T1	
Maltese_Cantilena	135	public_domain	T1	
